<?xml version='1.0' encoding='UTF-8'?>
<!DOCTYPE hibernate-configuration PUBLIC
"-//Hibernate/Hibernate Configuration DTD 3.0//EN"
"http://hibernate.sourceforge.net/hibernate-configuration-3.0.dtd">

<hibernate-configuration>
	<session-factory>
		<!-- SQL Dialect -->
		<property name="hibernate.dialect">org.hibernate.dialect.MySQLDialect</property>
		
		<!-- Database Connection Settings -->
		<property name="hibernate.connection.driver_class">com.mysql.cj.jdbc.Driver</property>
		<property name="hibernate.connection.url">jdbc:mysql://localhost:3306/project1</property>
		<property name="hibernate.connection.username">root</property>
		<property name="hibernate.connection.password">root</property>
	 
		<!-- Connection Pool Size (built-in) -->
		<!-- <property name="hibernate.connection.pool.size">1</property>
	  -->
		<!-- show all generate SQL query -->
		<property name="show_sql">true</property>
	 
		<!-- Drop the existing tables and create new one --> 
		<property name="hbm2ddl.auto">create</property>
	 
	 	<!-- Specifying Session Context -->
		<property name="hibernate.current_session_context_class">org.hibernate.context.internal.ThreadLocalSessionContext</property>

		<!-- Mention here all the model classes along with their package name --> 
		<mapping class="com.justintime.model.Cab"/>
		<mapping class="com.justintime.model.Employee"/>
		<mapping class="com.justintime.model.BookingStatus"/>
		<mapping class="com.justintime.model.BookingDetails"/>
		<mapping class="com.justintime.model.Request"/>
	</session-factory> 
</hibernate-configuration>